model,threshold,n_peaks,n_non,MAE_peaks,MAE_nonpeaks,WMAE,precision_peak,recall_peak,f1_peak
XGB,755.5499999999997,3,165,14.103033333333352,23.39394218181818,22.913377931034482,0.375,1.0,0.5454545454545454
GBR,755.5499999999997,3,165,16.509618993454296,22.524101285117236,22.2130073734795,0.42857142857142855,1.0,0.6
SARIMA,755.5499999999997,3,165,195.63551298671507,114.5812292951838,118.77369224474577,,0.0,
SARIMAX,755.5499999999997,3,165,35.75897546806679,55.27834238243438,54.26871995582916,0.15,1.0,0.2608695652173913
Seq2Seq,755.5499999999997,3,165,66.09844238281251,25.203207009055397,27.31847780424973,0.6666666666666666,0.6666666666666666,0.6666666666666666
TiDE,755.5499999999997,3,165,23.261487630208347,21.327820948745263,21.427838190889904,0.6666666666666666,0.6666666666666666,0.6666666666666666
Transformer,755.5499999999997,3,165,44.32073233333339,26.90195729696969,27.80292841954023,0.6666666666666666,0.6666666666666666,0.6666666666666666
AutoML,755.5499999999997,3,165,23.45022867838543,28.889739372484613,28.608385371065687,0.6666666666666666,0.6666666666666666,0.6666666666666666
