model,threshold,n_peaks,n_non,MAE_peaks,MAE_nonpeaks,WMAE,precision_peak,recall_peak,f1_peak
XGB,755.5499999999997,124,2346,34.89155725806451,27.859538087199134,28.821977797118905,0.743421052631579,0.9112903225806451,0.8188405797101449
GBR,755.5499999999997,124,2346,31.846761536777333,28.094569335532526,28.608114405018576,0.74,0.8951612903225806,0.8102189781021897
SARIMA,755.5499999999997,124,2346,183.631298052794,109.36911956946965,119.533038037386,,0.0,
SARIMAX,755.5499999999997,124,2346,32.34820105717446,36.87872477460418,36.258653095838966,0.625,0.8467741935483871,0.7191780821917809
Seq2Seq,755.5499999999997,124,2346,32.34723355200983,29.122870119682116,29.56417372410666,0.8220338983050848,0.782258064516129,0.8016528925619835
TiDE,755.5499999999997,124,2346,31.48997950400076,26.142949252508657,26.87477237743694,0.8376068376068376,0.7903225806451613,0.8132780082987553
Transformer,755.5499999999997,124,2346,37.95530200806452,30.497342228415345,31.51807844549757,0.7777777777777778,0.8467741935483871,0.8108108108108109
AutoML,755.5499999999997,124,2346,40.65968692902596,34.33017737620292,35.19646786687627,0.898989898989899,0.717741935483871,0.7982062780269059
